path,rows,dups
\\?\C:\Users\mgiri\OneDrive\Desktop\Hemanth's academic Stuff\College\Amrita\Machine learnign(ML)\datasets\datasets\All the datasets\20200425_UOWM_IEC104_Dataset_m_sp_na_1_DoS\20200425_UOWM_IEC104_Dataset_m_sp_na_1_DoS\20200425_UOWM_IEC104_Dataset_m_sp_na_1_DoS_iecserver1\20200425_UOWM_IEC104_Dataset_m_sp_na_1_DoS_iecserver1.pcap_Flow.csv,18615,0
\\?\C:\Users\mgiri\OneDrive\Desktop\Hemanth's academic Stuff\College\Amrita\Machine learnign(ML)\datasets\datasets\All the datasets\20200425_UOWM_IEC104_Dataset_m_sp_na_1_DoS\20200425_UOWM_IEC104_Dataset_m_sp_na_1_DoS\20200425_UOWM_IEC104_Dataset_m_sp_na_1_DoS_iecserver1\20200425_UOWM_IEC104_Dataset_m_sp_na_1_DoS_iecserver1_iec104_only.pcap_Flow.csv,91,0
\\?\C:\Users\mgiri\OneDrive\Desktop\Hemanth's academic Stuff\College\Amrita\Machine learnign(ML)\datasets\datasets\All the datasets\20200425_UOWM_IEC104_Dataset_m_sp_na_1_DoS\20200425_UOWM_IEC104_Dataset_m_sp_na_1_DoS\20200425_UOWM_IEC104_Dataset_m_sp_na_1_DoS_iecserver2\20200425_UOWM_IEC104_Dataset_m_sp_na_1_DoS_iecserver2.pcap_Flow.csv,18689,0
\\?\C:\Users\mgiri\OneDrive\Desktop\Hemanth's academic Stuff\College\Amrita\Machine learnign(ML)\datasets\datasets\All the datasets\20200425_UOWM_IEC104_Dataset_m_sp_na_1_DoS\20200425_UOWM_IEC104_Dataset_m_sp_na_1_DoS\20200425_UOWM_IEC104_Dataset_m_sp_na_1_DoS_iecserver2\20200425_UOWM_IEC104_Dataset_m_sp_na_1_DoS_iecserver2_iec104_only.pcap_Flow.csv,91,0
\\?\C:\Users\mgiri\OneDrive\Desktop\Hemanth's academic Stuff\College\Amrita\Machine learnign(ML)\datasets\datasets\All the datasets\20200425_UOWM_IEC104_Dataset_m_sp_na_1_DoS\20200425_UOWM_IEC104_Dataset_m_sp_na_1_DoS\20200425_UOWM_IEC104_Dataset_m_sp_na_1_DoS_iecserver3\20200425_UOWM_IEC104_Dataset_m_sp_na_1_DoS_iecserver3.pcap_Flow.csv,18860,0
\\?\C:\Users\mgiri\OneDrive\Desktop\Hemanth's academic Stuff\College\Amrita\Machine learnign(ML)\datasets\datasets\All the datasets\20200425_UOWM_IEC104_Dataset_m_sp_na_1_DoS\20200425_UOWM_IEC104_Dataset_m_sp_na_1_DoS\20200425_UOWM_IEC104_Dataset_m_sp_na_1_DoS_iecserver3\20200425_UOWM_IEC104_Dataset_m_sp_na_1_DoS_iecserver3_iec104_only.pcap_Flow.csv,91,0
\\?\C:\Users\mgiri\OneDrive\Desktop\Hemanth's academic Stuff\College\Amrita\Machine learnign(ML)\datasets\datasets\All the datasets\20200425_UOWM_IEC104_Dataset_m_sp_na_1_DoS\20200425_UOWM_IEC104_Dataset_m_sp_na_1_DoS\20200425_UOWM_IEC104_Dataset_m_sp_na_1_DoS_iecserver4\20200425_UOWM_IEC104_Dataset_m_sp_na_1_DoS_iecserver4.pcap_Flow.csv,18683,0
\\?\C:\Users\mgiri\OneDrive\Desktop\Hemanth's academic Stuff\College\Amrita\Machine learnign(ML)\datasets\datasets\All the datasets\20200425_UOWM_IEC104_Dataset_m_sp_na_1_DoS\20200425_UOWM_IEC104_Dataset_m_sp_na_1_DoS\20200425_UOWM_IEC104_Dataset_m_sp_na_1_DoS_iecserver4\20200425_UOWM_IEC104_Dataset_m_sp_na_1_DoS_iecserver4_iec104_only.pcap_Flow.csv,91,0
\\?\C:\Users\mgiri\OneDrive\Desktop\Hemanth's academic Stuff\College\Amrita\Machine learnign(ML)\datasets\datasets\All the datasets\20200425_UOWM_IEC104_Dataset_m_sp_na_1_DoS\20200425_UOWM_IEC104_Dataset_m_sp_na_1_DoS\20200425_UOWM_IEC104_Dataset_m_sp_na_1_DoS_iecserver5\20200425_UOWM_IEC104_Dataset_m_sp_na_1_DoS_iecserver5.pcap_Flow.csv,19324,0
\\?\C:\Users\mgiri\OneDrive\Desktop\Hemanth's academic Stuff\College\Amrita\Machine learnign(ML)\datasets\datasets\All the datasets\20200425_UOWM_IEC104_Dataset_m_sp_na_1_DoS\20200425_UOWM_IEC104_Dataset_m_sp_na_1_DoS\20200425_UOWM_IEC104_Dataset_m_sp_na_1_DoS_iecserver5\20200425_UOWM_IEC104_Dataset_m_sp_na_1_DoS_iecserver5_iec104_only.pcap_Flow.csv,91,0
\\?\C:\Users\mgiri\OneDrive\Desktop\Hemanth's academic Stuff\College\Amrita\Machine learnign(ML)\datasets\datasets\All the datasets\20200425_UOWM_IEC104_Dataset_m_sp_na_1_DoS\20200425_UOWM_IEC104_Dataset_m_sp_na_1_DoS\20200425_UOWM_IEC104_Dataset_m_sp_na_1_DoS_iecserver6\20200425_UOWM_IEC104_Dataset_m_sp_na_1_DoS_iecserver6.pcap_Flow.csv,18892,0
\\?\C:\Users\mgiri\OneDrive\Desktop\Hemanth's academic Stuff\College\Amrita\Machine learnign(ML)\datasets\datasets\All the datasets\20200425_UOWM_IEC104_Dataset_m_sp_na_1_DoS\20200425_UOWM_IEC104_Dataset_m_sp_na_1_DoS\20200425_UOWM_IEC104_Dataset_m_sp_na_1_DoS_iecserver6\20200425_UOWM_IEC104_Dataset_m_sp_na_1_DoS_iecserver6_iec104_only.pcap_Flow.csv,91,0
\\?\C:\Users\mgiri\OneDrive\Desktop\Hemanth's academic Stuff\College\Amrita\Machine learnign(ML)\datasets\datasets\All the datasets\20200425_UOWM_IEC104_Dataset_m_sp_na_1_DoS\20200425_UOWM_IEC104_Dataset_m_sp_na_1_DoS\20200425_UOWM_IEC104_Dataset_m_sp_na_1_DoS_iecserver7\20200425_UOWM_IEC104_Dataset_m_sp_na_1_DoS_iecserver7.pcap_Flow.csv,18765,0
\\?\C:\Users\mgiri\OneDrive\Desktop\Hemanth's academic Stuff\College\Amrita\Machine learnign(ML)\datasets\datasets\All the datasets\20200425_UOWM_IEC104_Dataset_m_sp_na_1_DoS\20200425_UOWM_IEC104_Dataset_m_sp_na_1_DoS\20200425_UOWM_IEC104_Dataset_m_sp_na_1_DoS_iecserver7\20200425_UOWM_IEC104_Dataset_m_sp_na_1_DoS_iecserver7_iec104_only.pcap_Flow.csv,91,0
\\?\C:\Users\mgiri\OneDrive\Desktop\Hemanth's academic Stuff\College\Amrita\Machine learnign(ML)\datasets\datasets\All the datasets\20200425_UOWM_IEC104_Dataset_m_sp_na_1_DoS\20200425_UOWM_IEC104_Dataset_m_sp_na_1_DoS\20200425_UOWM_IEC104_Dataset_m_sp_na_1_DoS_qtester\20200425_UOWM_IEC104_Dataset_m_sp_na_1_DoS_qtester.pcap_Flow.csv,19160,0
\\?\C:\Users\mgiri\OneDrive\Desktop\Hemanth's academic Stuff\College\Amrita\Machine learnign(ML)\datasets\datasets\All the datasets\20200425_UOWM_IEC104_Dataset_m_sp_na_1_DoS\20200425_UOWM_IEC104_Dataset_m_sp_na_1_DoS\20200425_UOWM_IEC104_Dataset_m_sp_na_1_DoS_qtester\20200425_UOWM_IEC104_Dataset_m_sp_na_1_DoS_qtester_iec104_only.pcap_Flow.csv,637,0
\\?\C:\Users\mgiri\OneDrive\Desktop\Hemanth's academic Stuff\College\Amrita\Machine learnign(ML)\datasets\datasets\All the datasets\20200426_UOWM_IEC104_Dataset_c_ci_na_1\20200426_UOWM_IEC104_Dataset_c_ci_na_1_attacker1\20200426_UOWM_IEC104_Dataset_c_ci_na_1_attacker1.pcap_Flow.csv,17232,0
\\?\C:\Users\mgiri\OneDrive\Desktop\Hemanth's academic Stuff\College\Amrita\Machine learnign(ML)\datasets\datasets\All the datasets\20200426_UOWM_IEC104_Dataset_c_ci_na_1\20200426_UOWM_IEC104_Dataset_c_ci_na_1_attacker1\20200426_UOWM_IEC104_Dataset_c_ci_na_1_attacker1_iec104_only.pcap_Flow.csv,234,0
\\?\C:\Users\mgiri\OneDrive\Desktop\Hemanth's academic Stuff\College\Amrita\Machine learnign(ML)\datasets\datasets\All the datasets\20200426_UOWM_IEC104_Dataset_c_ci_na_1\20200426_UOWM_IEC104_Dataset_c_ci_na_1_attacker2\20200426_UOWM_IEC104_Dataset_c_ci_na_1_attacker2.pcap_Flow.csv,17156,0
\\?\C:\Users\mgiri\OneDrive\Desktop\Hemanth's academic Stuff\College\Amrita\Machine learnign(ML)\datasets\datasets\All the datasets\20200426_UOWM_IEC104_Dataset_c_ci_na_1\20200426_UOWM_IEC104_Dataset_c_ci_na_1_attacker2\20200426_UOWM_IEC104_Dataset_c_ci_na_1_attacker2_iec104_only.pcap_Flow.csv,134,0
\\?\C:\Users\mgiri\OneDrive\Desktop\Hemanth's academic Stuff\College\Amrita\Machine learnign(ML)\datasets\datasets\All the datasets\20200426_UOWM_IEC104_Dataset_c_ci_na_1\20200426_UOWM_IEC104_Dataset_c_ci_na_1_attacker3\20200426_UOWM_IEC104_Dataset_c_ci_na_1_attacker3.pcap_Flow.csv,17321,0
\\?\C:\Users\mgiri\OneDrive\Desktop\Hemanth's academic Stuff\College\Amrita\Machine learnign(ML)\datasets\datasets\All the datasets\20200426_UOWM_IEC104_Dataset_c_ci_na_1\20200426_UOWM_IEC104_Dataset_c_ci_na_1_attacker3\20200426_UOWM_IEC104_Dataset_c_ci_na_1_attacker3_iec104_only.pcap_Flow.csv,201,0
\\?\C:\Users\mgiri\OneDrive\Desktop\Hemanth's academic Stuff\College\Amrita\Machine learnign(ML)\datasets\datasets\All the datasets\20200426_UOWM_IEC104_Dataset_c_ci_na_1\20200426_UOWM_IEC104_Dataset_c_ci_na_1_iecserver1\20200426_UOWM_IEC104_Dataset_c_ci_na_1_iecserver1.pcap_Flow.csv,23444,0
\\?\C:\Users\mgiri\OneDrive\Desktop\Hemanth's academic Stuff\College\Amrita\Machine learnign(ML)\datasets\datasets\All the datasets\20200426_UOWM_IEC104_Dataset_c_ci_na_1\20200426_UOWM_IEC104_Dataset_c_ci_na_1_iecserver1\20200426_UOWM_IEC104_Dataset_c_ci_na_1_iecserver1_iec104_only.pcap_Flow.csv,221,0
\\?\C:\Users\mgiri\OneDrive\Desktop\Hemanth's academic Stuff\College\Amrita\Machine learnign(ML)\datasets\datasets\All the datasets\20200426_UOWM_IEC104_Dataset_c_ci_na_1\20200426_UOWM_IEC104_Dataset_c_ci_na_1_iecserver2\20200426_UOWM_IEC104_Dataset_c_ci_na_1_iecserver2.pcap_Flow.csv,23551,0
\\?\C:\Users\mgiri\OneDrive\Desktop\Hemanth's academic Stuff\College\Amrita\Machine learnign(ML)\datasets\datasets\All the datasets\20200426_UOWM_IEC104_Dataset_c_ci_na_1\20200426_UOWM_IEC104_Dataset_c_ci_na_1_iecserver2\20200426_UOWM_IEC104_Dataset_c_ci_na_1_iecserver2_iec104_only.pcap_Flow.csv,221,0
\\?\C:\Users\mgiri\OneDrive\Desktop\Hemanth's academic Stuff\College\Amrita\Machine learnign(ML)\datasets\datasets\All the datasets\20200426_UOWM_IEC104_Dataset_c_ci_na_1\20200426_UOWM_IEC104_Dataset_c_ci_na_1_iecserver3\20200426_UOWM_IEC104_Dataset_c_ci_na_1_iecserver3.pcap_Flow.csv,23238,0
\\?\C:\Users\mgiri\OneDrive\Desktop\Hemanth's academic Stuff\College\Amrita\Machine learnign(ML)\datasets\datasets\All the datasets\20200426_UOWM_IEC104_Dataset_c_ci_na_1\20200426_UOWM_IEC104_Dataset_c_ci_na_1_iecserver3\20200426_UOWM_IEC104_Dataset_c_ci_na_1_iecserver3_iec104_only.pcap_Flow.csv,171,0
\\?\C:\Users\mgiri\OneDrive\Desktop\Hemanth's academic Stuff\College\Amrita\Machine learnign(ML)\datasets\datasets\All the datasets\20200426_UOWM_IEC104_Dataset_c_ci_na_1\20200426_UOWM_IEC104_Dataset_c_ci_na_1_iecserver4\20200426_UOWM_IEC104_Dataset_c_ci_na_1_iecserver4.pcap_Flow.csv,23436,0
\\?\C:\Users\mgiri\OneDrive\Desktop\Hemanth's academic Stuff\College\Amrita\Machine learnign(ML)\datasets\datasets\All the datasets\20200426_UOWM_IEC104_Dataset_c_ci_na_1\20200426_UOWM_IEC104_Dataset_c_ci_na_1_iecserver4\20200426_UOWM_IEC104_Dataset_c_ci_na_1_iecserver4_iec104_only.pcap_Flow.csv,172,0
\\?\C:\Users\mgiri\OneDrive\Desktop\Hemanth's academic Stuff\College\Amrita\Machine learnign(ML)\datasets\datasets\All the datasets\20200426_UOWM_IEC104_Dataset_c_ci_na_1\20200426_UOWM_IEC104_Dataset_c_ci_na_1_iecserver5\20200426_UOWM_IEC104_Dataset_c_ci_na_1_iecserver5.pcap_Flow.csv,23658,0
\\?\C:\Users\mgiri\OneDrive\Desktop\Hemanth's academic Stuff\College\Amrita\Machine learnign(ML)\datasets\datasets\All the datasets\20200426_UOWM_IEC104_Dataset_c_ci_na_1\20200426_UOWM_IEC104_Dataset_c_ci_na_1_iecserver5\20200426_UOWM_IEC104_Dataset_c_ci_na_1_iecserver5_iec104_only.pcap_Flow.csv,170,0
\\?\C:\Users\mgiri\OneDrive\Desktop\Hemanth's academic Stuff\College\Amrita\Machine learnign(ML)\datasets\datasets\All the datasets\20200426_UOWM_IEC104_Dataset_c_ci_na_1\20200426_UOWM_IEC104_Dataset_c_ci_na_1_iecserver6\20200426_UOWM_IEC104_Dataset_c_ci_na_1_iecserver6.pcap_Flow.csv,23158,0
\\?\C:\Users\mgiri\OneDrive\Desktop\Hemanth's academic Stuff\College\Amrita\Machine learnign(ML)\datasets\datasets\All the datasets\20200426_UOWM_IEC104_Dataset_c_ci_na_1\20200426_UOWM_IEC104_Dataset_c_ci_na_1_iecserver6\20200426_UOWM_IEC104_Dataset_c_ci_na_1_iecserver6_iec104_only.pcap_Flow.csv,170,0
\\?\C:\Users\mgiri\OneDrive\Desktop\Hemanth's academic Stuff\College\Amrita\Machine learnign(ML)\datasets\datasets\All the datasets\20200426_UOWM_IEC104_Dataset_c_ci_na_1\20200426_UOWM_IEC104_Dataset_c_ci_na_1_iecserver7\20200426_UOWM_IEC104_Dataset_c_ci_na_1_iecserver7.pcap_Flow.csv,23529,0
\\?\C:\Users\mgiri\OneDrive\Desktop\Hemanth's academic Stuff\College\Amrita\Machine learnign(ML)\datasets\datasets\All the datasets\20200426_UOWM_IEC104_Dataset_c_ci_na_1\20200426_UOWM_IEC104_Dataset_c_ci_na_1_iecserver7\20200426_UOWM_IEC104_Dataset_c_ci_na_1_iecserver7_iec104_only.pcap_Flow.csv,170,0
\\?\C:\Users\mgiri\OneDrive\Desktop\Hemanth's academic Stuff\College\Amrita\Machine learnign(ML)\datasets\datasets\All the datasets\20200426_UOWM_IEC104_Dataset_c_ci_na_1\20200426_UOWM_IEC104_Dataset_c_ci_na_1_qtester\20200426_UOWM_IEC104_Dataset_c_ci_na_1_qtester.pcap_Flow.csv,23562,0
\\?\C:\Users\mgiri\OneDrive\Desktop\Hemanth's academic Stuff\College\Amrita\Machine learnign(ML)\datasets\datasets\All the datasets\20200426_UOWM_IEC104_Dataset_c_ci_na_1\20200426_UOWM_IEC104_Dataset_c_ci_na_1_qtester\20200426_UOWM_IEC104_Dataset_c_ci_na_1_qtester_iec104_only.pcap_Flow.csv,725,0
\\?\C:\Users\mgiri\OneDrive\Desktop\Hemanth's academic Stuff\College\Amrita\Machine learnign(ML)\datasets\datasets\All the datasets\20200426_UOWM_IEC104_Dataset_c_ci_na_1_DoS\20200426_UOWM_IEC104_Dataset_c_ci_na_1_DoS_attacker1\20200426_UOWM_IEC104_Dataset_c_ci_na_1_DoS_attacker1.pcap_Flow.csv,18538,0
\\?\C:\Users\mgiri\OneDrive\Desktop\Hemanth's academic Stuff\College\Amrita\Machine learnign(ML)\datasets\datasets\All the datasets\20200426_UOWM_IEC104_Dataset_c_ci_na_1_DoS\20200426_UOWM_IEC104_Dataset_c_ci_na_1_DoS_attacker1\20200426_UOWM_IEC104_Dataset_c_ci_na_1_DoS_attacker1_iec104_only.pcap_Flow.csv,265,0
\\?\C:\Users\mgiri\OneDrive\Desktop\Hemanth's academic Stuff\College\Amrita\Machine learnign(ML)\datasets\datasets\All the datasets\20200426_UOWM_IEC104_Dataset_c_ci_na_1_DoS\20200426_UOWM_IEC104_Dataset_c_ci_na_1_DoS_attacker2\20200426_UOWM_IEC104_Dataset_c_ci_na_1_DoS_attacker2.pcap_Flow.csv,18566,0
\\?\C:\Users\mgiri\OneDrive\Desktop\Hemanth's academic Stuff\College\Amrita\Machine learnign(ML)\datasets\datasets\All the datasets\20200426_UOWM_IEC104_Dataset_c_ci_na_1_DoS\20200426_UOWM_IEC104_Dataset_c_ci_na_1_DoS_attacker2\20200426_UOWM_IEC104_Dataset_c_ci_na_1_DoS_attacker2_iec104_only.pcap_Flow.csv,279,0
\\?\C:\Users\mgiri\OneDrive\Desktop\Hemanth's academic Stuff\College\Amrita\Machine learnign(ML)\datasets\datasets\All the datasets\20200426_UOWM_IEC104_Dataset_c_ci_na_1_DoS\20200426_UOWM_IEC104_Dataset_c_ci_na_1_DoS_attacker3\20200426_UOWM_IEC104_Dataset_c_ci_na_1_DoS_attacker3.pcap_Flow.csv,18864,0
\\?\C:\Users\mgiri\OneDrive\Desktop\Hemanth's academic Stuff\College\Amrita\Machine learnign(ML)\datasets\datasets\All the datasets\20200426_UOWM_IEC104_Dataset_c_ci_na_1_DoS\20200426_UOWM_IEC104_Dataset_c_ci_na_1_DoS_attacker3\20200426_UOWM_IEC104_Dataset_c_ci_na_1_DoS_attacker3_iec104_only.pcap_Flow.csv,448,0
\\?\C:\Users\mgiri\OneDrive\Desktop\Hemanth's academic Stuff\College\Amrita\Machine learnign(ML)\datasets\datasets\All the datasets\20200426_UOWM_IEC104_Dataset_c_ci_na_1_DoS\20200426_UOWM_IEC104_Dataset_c_ci_na_1_DoS_iecserver1\20200426_UOWM_IEC104_Dataset_c_ci_na_1_DoS_iecserver1.pcap_Flow.csv,24856,0
\\?\C:\Users\mgiri\OneDrive\Desktop\Hemanth's academic Stuff\College\Amrita\Machine learnign(ML)\datasets\datasets\All the datasets\20200426_UOWM_IEC104_Dataset_c_ci_na_1_DoS\20200426_UOWM_IEC104_Dataset_c_ci_na_1_DoS_iecserver1\20200426_UOWM_IEC104_Dataset_c_ci_na_1_DoS_iecserver1_iec104_only.pcap_Flow.csv,232,0
\\?\C:\Users\mgiri\OneDrive\Desktop\Hemanth's academic Stuff\College\Amrita\Machine learnign(ML)\datasets\datasets\All the datasets\20200426_UOWM_IEC104_Dataset_c_ci_na_1_DoS\20200426_UOWM_IEC104_Dataset_c_ci_na_1_DoS_iecserver2\20200426_UOWM_IEC104_Dataset_c_ci_na_1_DoS_iecserver2.pcap_Flow.csv,25572,0
\\?\C:\Users\mgiri\OneDrive\Desktop\Hemanth's academic Stuff\College\Amrita\Machine learnign(ML)\datasets\datasets\All the datasets\20200426_UOWM_IEC104_Dataset_c_ci_na_1_DoS\20200426_UOWM_IEC104_Dataset_c_ci_na_1_DoS_iecserver2\20200426_UOWM_IEC104_Dataset_c_ci_na_1_DoS_iecserver2_iec104_only.pcap_Flow.csv,249,0
\\?\C:\Users\mgiri\OneDrive\Desktop\Hemanth's academic Stuff\College\Amrita\Machine learnign(ML)\datasets\datasets\All the datasets\20200426_UOWM_IEC104_Dataset_c_ci_na_1_DoS\20200426_UOWM_IEC104_Dataset_c_ci_na_1_DoS_iecserver3\20200426_UOWM_IEC104_Dataset_c_ci_na_1_DoS_iecserver3.pcap_Flow.csv,24310,0
\\?\C:\Users\mgiri\OneDrive\Desktop\Hemanth's academic Stuff\College\Amrita\Machine learnign(ML)\datasets\datasets\All the datasets\20200426_UOWM_IEC104_Dataset_c_ci_na_1_DoS\20200426_UOWM_IEC104_Dataset_c_ci_na_1_DoS_iecserver3\20200426_UOWM_IEC104_Dataset_c_ci_na_1_DoS_iecserver3_iec104_only.pcap_Flow.csv,253,0
\\?\C:\Users\mgiri\OneDrive\Desktop\Hemanth's academic Stuff\College\Amrita\Machine learnign(ML)\datasets\datasets\All the datasets\20200426_UOWM_IEC104_Dataset_c_ci_na_1_DoS\20200426_UOWM_IEC104_Dataset_c_ci_na_1_DoS_iecserver4\20200426_UOWM_IEC104_Dataset_c_ci_na_1_DoS_iecserver4.pcap_Flow.csv,24623,0
\\?\C:\Users\mgiri\OneDrive\Desktop\Hemanth's academic Stuff\College\Amrita\Machine learnign(ML)\datasets\datasets\All the datasets\20200426_UOWM_IEC104_Dataset_c_ci_na_1_DoS\20200426_UOWM_IEC104_Dataset_c_ci_na_1_DoS_iecserver4\20200426_UOWM_IEC104_Dataset_c_ci_na_1_DoS_iecserver4_iec104_only.pcap_Flow.csv,242,0
\\?\C:\Users\mgiri\OneDrive\Desktop\Hemanth's academic Stuff\College\Amrita\Machine learnign(ML)\datasets\datasets\All the datasets\20200426_UOWM_IEC104_Dataset_c_ci_na_1_DoS\20200426_UOWM_IEC104_Dataset_c_ci_na_1_DoS_iecserver5\20200426_UOWM_IEC104_Dataset_c_ci_na_1_DoS_iecserver5.pcap_Flow.csv,24849,0
\\?\C:\Users\mgiri\OneDrive\Desktop\Hemanth's academic Stuff\College\Amrita\Machine learnign(ML)\datasets\datasets\All the datasets\20200426_UOWM_IEC104_Dataset_c_ci_na_1_DoS\20200426_UOWM_IEC104_Dataset_c_ci_na_1_DoS_iecserver5\20200426_UOWM_IEC104_Dataset_c_ci_na_1_DoS_iecserver5_iec104_only.pcap_Flow.csv,280,0
\\?\C:\Users\mgiri\OneDrive\Desktop\Hemanth's academic Stuff\College\Amrita\Machine learnign(ML)\datasets\datasets\All the datasets\20200426_UOWM_IEC104_Dataset_c_ci_na_1_DoS\20200426_UOWM_IEC104_Dataset_c_ci_na_1_DoS_iecserver6\20200426_UOWM_IEC104_Dataset_c_ci_na_1_DoS_iecserver6.pcap_Flow.csv,24689,0
\\?\C:\Users\mgiri\OneDrive\Desktop\Hemanth's academic Stuff\College\Amrita\Machine learnign(ML)\datasets\datasets\All the datasets\20200426_UOWM_IEC104_Dataset_c_ci_na_1_DoS\20200426_UOWM_IEC104_Dataset_c_ci_na_1_DoS_iecserver6\20200426_UOWM_IEC104_Dataset_c_ci_na_1_DoS_iecserver6_iec104_only.pcap_Flow.csv,244,0
\\?\C:\Users\mgiri\OneDrive\Desktop\Hemanth's academic Stuff\College\Amrita\Machine learnign(ML)\datasets\datasets\All the datasets\20200426_UOWM_IEC104_Dataset_c_ci_na_1_DoS\20200426_UOWM_IEC104_Dataset_c_ci_na_1_DoS_iecserver7\20200426_UOWM_IEC104_Dataset_c_ci_na_1_DoS_iecserver7.pcap_Flow.csv,24662,0
\\?\C:\Users\mgiri\OneDrive\Desktop\Hemanth's academic Stuff\College\Amrita\Machine learnign(ML)\datasets\datasets\All the datasets\20200426_UOWM_IEC104_Dataset_c_ci_na_1_DoS\20200426_UOWM_IEC104_Dataset_c_ci_na_1_DoS_iecserver7\20200426_UOWM_IEC104_Dataset_c_ci_na_1_DoS_iecserver7_iec104_only.pcap_Flow.csv,246,0
\\?\C:\Users\mgiri\OneDrive\Desktop\Hemanth's academic Stuff\College\Amrita\Machine learnign(ML)\datasets\datasets\All the datasets\20200426_UOWM_IEC104_Dataset_c_ci_na_1_DoS\20200426_UOWM_IEC104_Dataset_c_ci_na_1_DoS_qtester\20200426_UOWM_IEC104_Dataset_c_ci_na_1_DoS_qtester.pcap_Flow.csv,25139,0
\\?\C:\Users\mgiri\OneDrive\Desktop\Hemanth's academic Stuff\College\Amrita\Machine learnign(ML)\datasets\datasets\All the datasets\20200426_UOWM_IEC104_Dataset_c_ci_na_1_DoS\20200426_UOWM_IEC104_Dataset_c_ci_na_1_DoS_qtester\20200426_UOWM_IEC104_Dataset_c_ci_na_1_DoS_qtester_iec104_only.pcap_Flow.csv,754,0
\\?\C:\Users\mgiri\OneDrive\Desktop\Hemanth's academic Stuff\College\Amrita\Machine learnign(ML)\datasets\datasets\All the datasets\20200427_UOWM_IEC104_Dataset_c_se_na_1\20200427_UOWM_IEC104_Dataset_c_se_na_1_attacker1\20200427_UOWM_IEC104_Dataset_c_se_na_1_attacker1.pcap_Flow.csv,19824,0
\\?\C:\Users\mgiri\OneDrive\Desktop\Hemanth's academic Stuff\College\Amrita\Machine learnign(ML)\datasets\datasets\All the datasets\20200427_UOWM_IEC104_Dataset_c_se_na_1\20200427_UOWM_IEC104_Dataset_c_se_na_1_attacker1\20200427_UOWM_IEC104_Dataset_c_se_na_1_attacker1_iec104_only.pcap_Flow.csv,260,0
\\?\C:\Users\mgiri\OneDrive\Desktop\Hemanth's academic Stuff\College\Amrita\Machine learnign(ML)\datasets\datasets\All the datasets\20200427_UOWM_IEC104_Dataset_c_se_na_1\20200427_UOWM_IEC104_Dataset_c_se_na_1_attacker2\20200427_UOWM_IEC104_Dataset_c_se_na_1_attacker2.pcap_Flow.csv,19901,0
\\?\C:\Users\mgiri\OneDrive\Desktop\Hemanth's academic Stuff\College\Amrita\Machine learnign(ML)\datasets\datasets\All the datasets\20200427_UOWM_IEC104_Dataset_c_se_na_1\20200427_UOWM_IEC104_Dataset_c_se_na_1_attacker2\20200427_UOWM_IEC104_Dataset_c_se_na_1_attacker2_iec104_only.pcap_Flow.csv,250,0
\\?\C:\Users\mgiri\OneDrive\Desktop\Hemanth's academic Stuff\College\Amrita\Machine learnign(ML)\datasets\datasets\All the datasets\20200427_UOWM_IEC104_Dataset_c_se_na_1\20200427_UOWM_IEC104_Dataset_c_se_na_1_attacker3\20200427_UOWM_IEC104_Dataset_c_se_na_1_attacker3.pcap_Flow.csv,20015,0
\\?\C:\Users\mgiri\OneDrive\Desktop\Hemanth's academic Stuff\College\Amrita\Machine learnign(ML)\datasets\datasets\All the datasets\20200427_UOWM_IEC104_Dataset_c_se_na_1\20200427_UOWM_IEC104_Dataset_c_se_na_1_attacker3\20200427_UOWM_IEC104_Dataset_c_se_na_1_attacker3_iec104_only.pcap_Flow.csv,354,0
\\?\C:\Users\mgiri\OneDrive\Desktop\Hemanth's academic Stuff\College\Amrita\Machine learnign(ML)\datasets\datasets\All the datasets\20200427_UOWM_IEC104_Dataset_c_se_na_1\20200427_UOWM_IEC104_Dataset_c_se_na_1_iecserver1\20200427_UOWM_IEC104_Dataset_c_se_na_1_iecserver1.pcap_Flow.csv,27832,0
\\?\C:\Users\mgiri\OneDrive\Desktop\Hemanth's academic Stuff\College\Amrita\Machine learnign(ML)\datasets\datasets\All the datasets\20200427_UOWM_IEC104_Dataset_c_se_na_1\20200427_UOWM_IEC104_Dataset_c_se_na_1_iecserver1\20200427_UOWM_IEC104_Dataset_c_se_na_1_iecserver1_iec104_only.pcap_Flow.csv,249,0
\\?\C:\Users\mgiri\OneDrive\Desktop\Hemanth's academic Stuff\College\Amrita\Machine learnign(ML)\datasets\datasets\All the datasets\20200427_UOWM_IEC104_Dataset_c_se_na_1\20200427_UOWM_IEC104_Dataset_c_se_na_1_iecserver2\20200427_UOWM_IEC104_Dataset_c_se_na_1_iecserver2.pcap_Flow.csv,26832,0
\\?\C:\Users\mgiri\OneDrive\Desktop\Hemanth's academic Stuff\College\Amrita\Machine learnign(ML)\datasets\datasets\All the datasets\20200427_UOWM_IEC104_Dataset_c_se_na_1\20200427_UOWM_IEC104_Dataset_c_se_na_1_iecserver2\20200427_UOWM_IEC104_Dataset_c_se_na_1_iecserver2_iec104_only.pcap_Flow.csv,243,0
\\?\C:\Users\mgiri\OneDrive\Desktop\Hemanth's academic Stuff\College\Amrita\Machine learnign(ML)\datasets\datasets\All the datasets\20200427_UOWM_IEC104_Dataset_c_se_na_1\20200427_UOWM_IEC104_Dataset_c_se_na_1_iecserver3\20200427_UOWM_IEC104_Dataset_c_se_na_1_iecserver3.pcap_Flow.csv,27186,0
\\?\C:\Users\mgiri\OneDrive\Desktop\Hemanth's academic Stuff\College\Amrita\Machine learnign(ML)\datasets\datasets\All the datasets\20200427_UOWM_IEC104_Dataset_c_se_na_1\20200427_UOWM_IEC104_Dataset_c_se_na_1_iecserver3\20200427_UOWM_IEC104_Dataset_c_se_na_1_iecserver3_iec104_only.pcap_Flow.csv,242,0
\\?\C:\Users\mgiri\OneDrive\Desktop\Hemanth's academic Stuff\College\Amrita\Machine learnign(ML)\datasets\datasets\All the datasets\20200427_UOWM_IEC104_Dataset_c_se_na_1\20200427_UOWM_IEC104_Dataset_c_se_na_1_iecserver4\20200427_UOWM_IEC104_Dataset_c_se_na_1_iecserver4.pcap_Flow.csv,27408,0
\\?\C:\Users\mgiri\OneDrive\Desktop\Hemanth's academic Stuff\College\Amrita\Machine learnign(ML)\datasets\datasets\All the datasets\20200427_UOWM_IEC104_Dataset_c_se_na_1\20200427_UOWM_IEC104_Dataset_c_se_na_1_iecserver4\20200427_UOWM_IEC104_Dataset_c_se_na_1_iecserver4_iec104_only.pcap_Flow.csv,241,0
\\?\C:\Users\mgiri\OneDrive\Desktop\Hemanth's academic Stuff\College\Amrita\Machine learnign(ML)\datasets\datasets\All the datasets\20200427_UOWM_IEC104_Dataset_c_se_na_1\20200427_UOWM_IEC104_Dataset_c_se_na_1_iecserver5\20200427_UOWM_IEC104_Dataset_c_se_na_1_iecserver5.pcap_Flow.csv,27080,0
\\?\C:\Users\mgiri\OneDrive\Desktop\Hemanth's academic Stuff\College\Amrita\Machine learnign(ML)\datasets\datasets\All the datasets\20200427_UOWM_IEC104_Dataset_c_se_na_1\20200427_UOWM_IEC104_Dataset_c_se_na_1_iecserver5\20200427_UOWM_IEC104_Dataset_c_se_na_1_iecserver5_iec104_only.pcap_Flow.csv,238,0
\\?\C:\Users\mgiri\OneDrive\Desktop\Hemanth's academic Stuff\College\Amrita\Machine learnign(ML)\datasets\datasets\All the datasets\20200427_UOWM_IEC104_Dataset_c_se_na_1\20200427_UOWM_IEC104_Dataset_c_se_na_1_iecserver6\20200427_UOWM_IEC104_Dataset_c_se_na_1_iecserver6.pcap_Flow.csv,26362,0
\\?\C:\Users\mgiri\OneDrive\Desktop\Hemanth's academic Stuff\College\Amrita\Machine learnign(ML)\datasets\datasets\All the datasets\20200427_UOWM_IEC104_Dataset_c_se_na_1\20200427_UOWM_IEC104_Dataset_c_se_na_1_iecserver6\20200427_UOWM_IEC104_Dataset_c_se_na_1_iecserver6_iec104_only.pcap_Flow.csv,238,0
\\?\C:\Users\mgiri\OneDrive\Desktop\Hemanth's academic Stuff\College\Amrita\Machine learnign(ML)\datasets\datasets\All the datasets\20200427_UOWM_IEC104_Dataset_c_se_na_1\20200427_UOWM_IEC104_Dataset_c_se_na_1_iecserver7\20200427_UOWM_IEC104_Dataset_c_se_na_1_iecserver7.pcap_Flow.csv,27114,0
\\?\C:\Users\mgiri\OneDrive\Desktop\Hemanth's academic Stuff\College\Amrita\Machine learnign(ML)\datasets\datasets\All the datasets\20200427_UOWM_IEC104_Dataset_c_se_na_1\20200427_UOWM_IEC104_Dataset_c_se_na_1_iecserver7\20200427_UOWM_IEC104_Dataset_c_se_na_1_iecserver7_iec104_only.pcap_Flow.csv,229,0
\\?\C:\Users\mgiri\OneDrive\Desktop\Hemanth's academic Stuff\College\Amrita\Machine learnign(ML)\datasets\datasets\All the datasets\20200427_UOWM_IEC104_Dataset_c_se_na_1\20200427_UOWM_IEC104_Dataset_c_se_na_1_qtester\20200427_UOWM_IEC104_Dataset_c_se_na_1_qtester.pcap_Flow.csv,26708,0
\\?\C:\Users\mgiri\OneDrive\Desktop\Hemanth's academic Stuff\College\Amrita\Machine learnign(ML)\datasets\datasets\All the datasets\20200427_UOWM_IEC104_Dataset_c_se_na_1\20200427_UOWM_IEC104_Dataset_c_se_na_1_qtester\20200427_UOWM_IEC104_Dataset_c_se_na_1_qtester_iec104_only.pcap_Flow.csv,816,0
\\?\C:\Users\mgiri\OneDrive\Desktop\Hemanth's academic Stuff\College\Amrita\Machine learnign(ML)\datasets\datasets\All the datasets\20200428_UOWM_IEC104_Dataset_c_sc_na_1\20200428_UOWM_IEC104_Dataset_c_sc_na_1_attacker1\20200428_UOWM_IEC104_Dataset_c_sc_na_1_attacker1.pcap_Flow.csv,20713,0
\\?\C:\Users\mgiri\OneDrive\Desktop\Hemanth's academic Stuff\College\Amrita\Machine learnign(ML)\datasets\datasets\All the datasets\20200428_UOWM_IEC104_Dataset_c_sc_na_1\20200428_UOWM_IEC104_Dataset_c_sc_na_1_attacker1\20200428_UOWM_IEC104_Dataset_c_sc_na_1_attacker1_iec104_only.pcap_Flow.csv,208,0
\\?\C:\Users\mgiri\OneDrive\Desktop\Hemanth's academic Stuff\College\Amrita\Machine learnign(ML)\datasets\datasets\All the datasets\20200428_UOWM_IEC104_Dataset_c_sc_na_1\20200428_UOWM_IEC104_Dataset_c_sc_na_1_attacker2\20200428_UOWM_IEC104_Dataset_c_sc_na_1_attacker2.pcap_Flow.csv,20735,0
\\?\C:\Users\mgiri\OneDrive\Desktop\Hemanth's academic Stuff\College\Amrita\Machine learnign(ML)\datasets\datasets\All the datasets\20200428_UOWM_IEC104_Dataset_c_sc_na_1\20200428_UOWM_IEC104_Dataset_c_sc_na_1_attacker2\20200428_UOWM_IEC104_Dataset_c_sc_na_1_attacker2_iec104_only.pcap_Flow.csv,219,0
\\?\C:\Users\mgiri\OneDrive\Desktop\Hemanth's academic Stuff\College\Amrita\Machine learnign(ML)\datasets\datasets\All the datasets\20200428_UOWM_IEC104_Dataset_c_sc_na_1\20200428_UOWM_IEC104_Dataset_c_sc_na_1_attacker3\20200428_UOWM_IEC104_Dataset_c_sc_na_1_attacker3.pcap_Flow.csv,20886,0
\\?\C:\Users\mgiri\OneDrive\Desktop\Hemanth's academic Stuff\College\Amrita\Machine learnign(ML)\datasets\datasets\All the datasets\20200428_UOWM_IEC104_Dataset_c_sc_na_1\20200428_UOWM_IEC104_Dataset_c_sc_na_1_attacker3\20200428_UOWM_IEC104_Dataset_c_sc_na_1_attacker3_iec104_only.pcap_Flow.csv,314,0
\\?\C:\Users\mgiri\OneDrive\Desktop\Hemanth's academic Stuff\College\Amrita\Machine learnign(ML)\datasets\datasets\All the datasets\20200428_UOWM_IEC104_Dataset_c_sc_na_1\20200428_UOWM_IEC104_Dataset_c_sc_na_1_iecserver1\20200428_UOWM_IEC104_Dataset_c_sc_na_1_iecserver1.pcap_Flow.csv,28300,0
\\?\C:\Users\mgiri\OneDrive\Desktop\Hemanth's academic Stuff\College\Amrita\Machine learnign(ML)\datasets\datasets\All the datasets\20200428_UOWM_IEC104_Dataset_c_sc_na_1\20200428_UOWM_IEC104_Dataset_c_sc_na_1_iecserver1\20200428_UOWM_IEC104_Dataset_c_sc_na_1_iecserver1_iec104_only.pcap_Flow.csv,228,0
\\?\C:\Users\mgiri\OneDrive\Desktop\Hemanth's academic Stuff\College\Amrita\Machine learnign(ML)\datasets\datasets\All the datasets\20200428_UOWM_IEC104_Dataset_c_sc_na_1\20200428_UOWM_IEC104_Dataset_c_sc_na_1_iecserver2\20200428_UOWM_IEC104_Dataset_c_sc_na_1_iecserver2.pcap_Flow.csv,27845,0
\\?\C:\Users\mgiri\OneDrive\Desktop\Hemanth's academic Stuff\College\Amrita\Machine learnign(ML)\datasets\datasets\All the datasets\20200428_UOWM_IEC104_Dataset_c_sc_na_1\20200428_UOWM_IEC104_Dataset_c_sc_na_1_iecserver2\20200428_UOWM_IEC104_Dataset_c_sc_na_1_iecserver2_iec104_only.pcap_Flow.csv,220,0
\\?\C:\Users\mgiri\OneDrive\Desktop\Hemanth's academic Stuff\College\Amrita\Machine learnign(ML)\datasets\datasets\All the datasets\20200428_UOWM_IEC104_Dataset_c_sc_na_1\20200428_UOWM_IEC104_Dataset_c_sc_na_1_iecserver3\20200428_UOWM_IEC104_Dataset_c_sc_na_1_iecserver3.pcap_Flow.csv,27866,0
\\?\C:\Users\mgiri\OneDrive\Desktop\Hemanth's academic Stuff\College\Amrita\Machine learnign(ML)\datasets\datasets\All the datasets\20200428_UOWM_IEC104_Dataset_c_sc_na_1\20200428_UOWM_IEC104_Dataset_c_sc_na_1_iecserver3\20200428_UOWM_IEC104_Dataset_c_sc_na_1_iecserver3_iec104_only.pcap_Flow.csv,222,0
\\?\C:\Users\mgiri\OneDrive\Desktop\Hemanth's academic Stuff\College\Amrita\Machine learnign(ML)\datasets\datasets\All the datasets\20200428_UOWM_IEC104_Dataset_c_sc_na_1\20200428_UOWM_IEC104_Dataset_c_sc_na_1_iecserver4\20200428_UOWM_IEC104_Dataset_c_sc_na_1_iecserver4.pcap_Flow.csv,27642,0
\\?\C:\Users\mgiri\OneDrive\Desktop\Hemanth's academic Stuff\College\Amrita\Machine learnign(ML)\datasets\datasets\All the datasets\20200428_UOWM_IEC104_Dataset_c_sc_na_1\20200428_UOWM_IEC104_Dataset_c_sc_na_1_iecserver4\20200428_UOWM_IEC104_Dataset_c_sc_na_1_iecserver4_iec104_only.pcap_Flow.csv,236,0
\\?\C:\Users\mgiri\OneDrive\Desktop\Hemanth's academic Stuff\College\Amrita\Machine learnign(ML)\datasets\datasets\All the datasets\20200428_UOWM_IEC104_Dataset_c_sc_na_1\20200428_UOWM_IEC104_Dataset_c_sc_na_1_iecserver5\20200428_UOWM_IEC104_Dataset_c_sc_na_1_iecserver5.pcap_Flow.csv,27879,0
\\?\C:\Users\mgiri\OneDrive\Desktop\Hemanth's academic Stuff\College\Amrita\Machine learnign(ML)\datasets\datasets\All the datasets\20200428_UOWM_IEC104_Dataset_c_sc_na_1\20200428_UOWM_IEC104_Dataset_c_sc_na_1_iecserver5\20200428_UOWM_IEC104_Dataset_c_sc_na_1_iecserver5_iec104_only.pcap_Flow.csv,244,0
\\?\C:\Users\mgiri\OneDrive\Desktop\Hemanth's academic Stuff\College\Amrita\Machine learnign(ML)\datasets\datasets\All the datasets\20200428_UOWM_IEC104_Dataset_c_sc_na_1\20200428_UOWM_IEC104_Dataset_c_sc_na_1_iecserver6\20200428_UOWM_IEC104_Dataset_c_sc_na_1_iecserver6.pcap_Flow.csv,27959,0
\\?\C:\Users\mgiri\OneDrive\Desktop\Hemanth's academic Stuff\College\Amrita\Machine learnign(ML)\datasets\datasets\All the datasets\20200428_UOWM_IEC104_Dataset_c_sc_na_1\20200428_UOWM_IEC104_Dataset_c_sc_na_1_iecserver6\20200428_UOWM_IEC104_Dataset_c_sc_na_1_iecserver6_iec104_only.pcap_Flow.csv,215,0
\\?\C:\Users\mgiri\OneDrive\Desktop\Hemanth's academic Stuff\College\Amrita\Machine learnign(ML)\datasets\datasets\All the datasets\20200428_UOWM_IEC104_Dataset_c_sc_na_1\20200428_UOWM_IEC104_Dataset_c_sc_na_1_iecserver7\20200428_UOWM_IEC104_Dataset_c_sc_na_1_iecserver7.pcap_Flow.csv,27778,0
\\?\C:\Users\mgiri\OneDrive\Desktop\Hemanth's academic Stuff\College\Amrita\Machine learnign(ML)\datasets\datasets\All the datasets\20200428_UOWM_IEC104_Dataset_c_sc_na_1\20200428_UOWM_IEC104_Dataset_c_sc_na_1_iecserver7\20200428_UOWM_IEC104_Dataset_c_sc_na_1_iecserver7_iec104_only.pcap_Flow.csv,215,0
\\?\C:\Users\mgiri\OneDrive\Desktop\Hemanth's academic Stuff\College\Amrita\Machine learnign(ML)\datasets\datasets\All the datasets\20200428_UOWM_IEC104_Dataset_c_sc_na_1\20200428_UOWM_IEC104_Dataset_c_sc_na_1_qtester\20200428_UOWM_IEC104_Dataset_c_sc_na_1_qtester.pcap_Flow.csv,27769,0
\\?\C:\Users\mgiri\OneDrive\Desktop\Hemanth's academic Stuff\College\Amrita\Machine learnign(ML)\datasets\datasets\All the datasets\20200428_UOWM_IEC104_Dataset_c_sc_na_1\20200428_UOWM_IEC104_Dataset_c_sc_na_1_qtester\20200428_UOWM_IEC104_Dataset_c_sc_na_1_qtester_iec104_only.pcap_Flow.csv,839,0
\\?\C:\Users\mgiri\OneDrive\Desktop\Hemanth's academic Stuff\College\Amrita\Machine learnign(ML)\datasets\datasets\All the datasets\20200429_UOWM_IEC104_Dataset_c_sc_na_1_DoS\20200429_UOWM_IEC104_Dataset_c_sc_na_1_DoS_attacker1\20200429_UOWM_IEC104_Dataset_c_sc_na_1_DoS_attacker1.pcap_Flow.csv,21499,0
\\?\C:\Users\mgiri\OneDrive\Desktop\Hemanth's academic Stuff\College\Amrita\Machine learnign(ML)\datasets\datasets\All the datasets\20200429_UOWM_IEC104_Dataset_c_sc_na_1_DoS\20200429_UOWM_IEC104_Dataset_c_sc_na_1_DoS_attacker1\20200429_UOWM_IEC104_Dataset_c_sc_na_1_DoS_attacker1_iec104_only.pcap_Flow.csv,534,0
\\?\C:\Users\mgiri\OneDrive\Desktop\Hemanth's academic Stuff\College\Amrita\Machine learnign(ML)\datasets\datasets\All the datasets\20200429_UOWM_IEC104_Dataset_c_sc_na_1_DoS\20200429_UOWM_IEC104_Dataset_c_sc_na_1_DoS_attacker2\20200429_UOWM_IEC104_Dataset_c_sc_na_1_DoS_attacker2.pcap_Flow.csv,21475,0
\\?\C:\Users\mgiri\OneDrive\Desktop\Hemanth's academic Stuff\College\Amrita\Machine learnign(ML)\datasets\datasets\All the datasets\20200429_UOWM_IEC104_Dataset_c_sc_na_1_DoS\20200429_UOWM_IEC104_Dataset_c_sc_na_1_DoS_attacker2\20200429_UOWM_IEC104_Dataset_c_sc_na_1_DoS_attacker2_iec104_only.pcap_Flow.csv,526,0
\\?\C:\Users\mgiri\OneDrive\Desktop\Hemanth's academic Stuff\College\Amrita\Machine learnign(ML)\datasets\datasets\All the datasets\20200429_UOWM_IEC104_Dataset_c_sc_na_1_DoS\20200429_UOWM_IEC104_Dataset_c_sc_na_1_DoS_attacker3\20200429_UOWM_IEC104_Dataset_c_sc_na_1_DoS_attacker3.pcap_Flow.csv,21980,0
\\?\C:\Users\mgiri\OneDrive\Desktop\Hemanth's academic Stuff\College\Amrita\Machine learnign(ML)\datasets\datasets\All the datasets\20200429_UOWM_IEC104_Dataset_c_sc_na_1_DoS\20200429_UOWM_IEC104_Dataset_c_sc_na_1_DoS_attacker3\20200429_UOWM_IEC104_Dataset_c_sc_na_1_DoS_attacker3_iec104_only.pcap_Flow.csv,783,0
\\?\C:\Users\mgiri\OneDrive\Desktop\Hemanth's academic Stuff\College\Amrita\Machine learnign(ML)\datasets\datasets\All the datasets\20200429_UOWM_IEC104_Dataset_c_sc_na_1_DoS\20200429_UOWM_IEC104_Dataset_c_sc_na_1_DoS_iecserver1\20200429_UOWM_IEC104_Dataset_c_sc_na_1_DoS_iecserver1.pcap_Flow.csv,28399,0
\\?\C:\Users\mgiri\OneDrive\Desktop\Hemanth's academic Stuff\College\Amrita\Machine learnign(ML)\datasets\datasets\All the datasets\20200429_UOWM_IEC104_Dataset_c_sc_na_1_DoS\20200429_UOWM_IEC104_Dataset_c_sc_na_1_DoS_iecserver1\20200429_UOWM_IEC104_Dataset_c_sc_na_1_DoS_iecserver1_iec104_only.pcap_Flow.csv,387,0
\\?\C:\Users\mgiri\OneDrive\Desktop\Hemanth's academic Stuff\College\Amrita\Machine learnign(ML)\datasets\datasets\All the datasets\20200429_UOWM_IEC104_Dataset_c_sc_na_1_DoS\20200429_UOWM_IEC104_Dataset_c_sc_na_1_DoS_iecserver2\20200429_UOWM_IEC104_Dataset_c_sc_na_1_DoS_iecserver2.pcap_Flow.csv,27825,0
\\?\C:\Users\mgiri\OneDrive\Desktop\Hemanth's academic Stuff\College\Amrita\Machine learnign(ML)\datasets\datasets\All the datasets\20200429_UOWM_IEC104_Dataset_c_sc_na_1_DoS\20200429_UOWM_IEC104_Dataset_c_sc_na_1_DoS_iecserver2\20200429_UOWM_IEC104_Dataset_c_sc_na_1_DoS_iecserver2_iec104_only.pcap_Flow.csv,387,0
\\?\C:\Users\mgiri\OneDrive\Desktop\Hemanth's academic Stuff\College\Amrita\Machine learnign(ML)\datasets\datasets\All the datasets\20200429_UOWM_IEC104_Dataset_c_sc_na_1_DoS\20200429_UOWM_IEC104_Dataset_c_sc_na_1_DoS_iecserver3\20200429_UOWM_IEC104_Dataset_c_sc_na_1_DoS_iecserver3.pcap_Flow.csv,27548,0
\\?\C:\Users\mgiri\OneDrive\Desktop\Hemanth's academic Stuff\College\Amrita\Machine learnign(ML)\datasets\datasets\All the datasets\20200429_UOWM_IEC104_Dataset_c_sc_na_1_DoS\20200429_UOWM_IEC104_Dataset_c_sc_na_1_DoS_iecserver3\20200429_UOWM_IEC104_Dataset_c_sc_na_1_DoS_iecserver3_iec104_only.pcap_Flow.csv,351,0
\\?\C:\Users\mgiri\OneDrive\Desktop\Hemanth's academic Stuff\College\Amrita\Machine learnign(ML)\datasets\datasets\All the datasets\20200429_UOWM_IEC104_Dataset_c_sc_na_1_DoS\20200429_UOWM_IEC104_Dataset_c_sc_na_1_DoS_iecserver4\20200429_UOWM_IEC104_Dataset_c_sc_na_1_DoS_iecserver4.pcap_Flow.csv,28238,0
\\?\C:\Users\mgiri\OneDrive\Desktop\Hemanth's academic Stuff\College\Amrita\Machine learnign(ML)\datasets\datasets\All the datasets\20200429_UOWM_IEC104_Dataset_c_sc_na_1_DoS\20200429_UOWM_IEC104_Dataset_c_sc_na_1_DoS_iecserver4\20200429_UOWM_IEC104_Dataset_c_sc_na_1_DoS_iecserver4_iec104_only.pcap_Flow.csv,382,0
\\?\C:\Users\mgiri\OneDrive\Desktop\Hemanth's academic Stuff\College\Amrita\Machine learnign(ML)\datasets\datasets\All the datasets\20200429_UOWM_IEC104_Dataset_c_sc_na_1_DoS\20200429_UOWM_IEC104_Dataset_c_sc_na_1_DoS_iecserver5\20200429_UOWM_IEC104_Dataset_c_sc_na_1_DoS_iecserver5.pcap_Flow.csv,28271,0
\\?\C:\Users\mgiri\OneDrive\Desktop\Hemanth's academic Stuff\College\Amrita\Machine learnign(ML)\datasets\datasets\All the datasets\20200429_UOWM_IEC104_Dataset_c_sc_na_1_DoS\20200429_UOWM_IEC104_Dataset_c_sc_na_1_DoS_iecserver5\20200429_UOWM_IEC104_Dataset_c_sc_na_1_DoS_iecserver5_iec104_only.pcap_Flow.csv,378,0
\\?\C:\Users\mgiri\OneDrive\Desktop\Hemanth's academic Stuff\College\Amrita\Machine learnign(ML)\datasets\datasets\All the datasets\20200429_UOWM_IEC104_Dataset_c_sc_na_1_DoS\20200429_UOWM_IEC104_Dataset_c_sc_na_1_DoS_iecserver6\20200429_UOWM_IEC104_Dataset_c_sc_na_1_DoS_iecserver6.pcap_Flow.csv,28347,0
\\?\C:\Users\mgiri\OneDrive\Desktop\Hemanth's academic Stuff\College\Amrita\Machine learnign(ML)\datasets\datasets\All the datasets\20200429_UOWM_IEC104_Dataset_c_sc_na_1_DoS\20200429_UOWM_IEC104_Dataset_c_sc_na_1_DoS_iecserver6\20200429_UOWM_IEC104_Dataset_c_sc_na_1_DoS_iecserver6_iec104_only.pcap_Flow.csv,389,0
\\?\C:\Users\mgiri\OneDrive\Desktop\Hemanth's academic Stuff\College\Amrita\Machine learnign(ML)\datasets\datasets\All the datasets\20200429_UOWM_IEC104_Dataset_c_sc_na_1_DoS\20200429_UOWM_IEC104_Dataset_c_sc_na_1_DoS_iecserver7\20200429_UOWM_IEC104_Dataset_c_sc_na_1_DoS_iecserver7.pcap_Flow.csv,27855,0
\\?\C:\Users\mgiri\OneDrive\Desktop\Hemanth's academic Stuff\College\Amrita\Machine learnign(ML)\datasets\datasets\All the datasets\20200429_UOWM_IEC104_Dataset_c_sc_na_1_DoS\20200429_UOWM_IEC104_Dataset_c_sc_na_1_DoS_iecserver7\20200429_UOWM_IEC104_Dataset_c_sc_na_1_DoS_iecserver7_iec104_only.pcap_Flow.csv,376,0
\\?\C:\Users\mgiri\OneDrive\Desktop\Hemanth's academic Stuff\College\Amrita\Machine learnign(ML)\datasets\datasets\All the datasets\20200429_UOWM_IEC104_Dataset_c_sc_na_1_DoS\20200429_UOWM_IEC104_Dataset_c_sc_na_1_DoS_qtester\20200429_UOWM_IEC104_Dataset_c_sc_na_1_DoS_qtester.pcap_Flow.csv,28167,0
\\?\C:\Users\mgiri\OneDrive\Desktop\Hemanth's academic Stuff\College\Amrita\Machine learnign(ML)\datasets\datasets\All the datasets\20200429_UOWM_IEC104_Dataset_c_sc_na_1_DoS\20200429_UOWM_IEC104_Dataset_c_sc_na_1_DoS_qtester\20200429_UOWM_IEC104_Dataset_c_sc_na_1_DoS_qtester_iec104_only.pcap_Flow.csv,839,0
\\?\C:\Users\mgiri\OneDrive\Desktop\Hemanth's academic Stuff\College\Amrita\Machine learnign(ML)\datasets\datasets\All the datasets\20200605_UOWM_IEC104_Dataset_c_rd_na_1_DoS\20200605_UOWM_IEC104_Dataset_c_rd_na_1_DoS_attacker1\20200605_UOWM_IEC104_Dataset_c_rd_na_1_DoS_attacker1.pcap_Flow.csv,27080,0
\\?\C:\Users\mgiri\OneDrive\Desktop\Hemanth's academic Stuff\College\Amrita\Machine learnign(ML)\datasets\datasets\All the datasets\20200605_UOWM_IEC104_Dataset_c_rd_na_1_DoS\20200605_UOWM_IEC104_Dataset_c_rd_na_1_DoS_attacker1\20200605_UOWM_IEC104_Dataset_c_rd_na_1_DoS_attacker1_iec104_only.pcap_Flow.csv,690,0
\\?\C:\Users\mgiri\OneDrive\Desktop\Hemanth's academic Stuff\College\Amrita\Machine learnign(ML)\datasets\datasets\All the datasets\20200605_UOWM_IEC104_Dataset_c_rd_na_1_DoS\20200605_UOWM_IEC104_Dataset_c_rd_na_1_DoS_attacker2\20200605_UOWM_IEC104_Dataset_c_rd_na_1_DoS_attacker2.pcap_Flow.csv,27143,0
\\?\C:\Users\mgiri\OneDrive\Desktop\Hemanth's academic Stuff\College\Amrita\Machine learnign(ML)\datasets\datasets\All the datasets\20200605_UOWM_IEC104_Dataset_c_rd_na_1_DoS\20200605_UOWM_IEC104_Dataset_c_rd_na_1_DoS_attacker2\20200605_UOWM_IEC104_Dataset_c_rd_na_1_DoS_attacker2_iec104_only.pcap_Flow.csv,724,0
\\?\C:\Users\mgiri\OneDrive\Desktop\Hemanth's academic Stuff\College\Amrita\Machine learnign(ML)\datasets\datasets\All the datasets\20200605_UOWM_IEC104_Dataset_c_rd_na_1_DoS\20200605_UOWM_IEC104_Dataset_c_rd_na_1_DoS_attacker3\20200605_UOWM_IEC104_Dataset_c_rd_na_1_DoS_attacker3.pcap_Flow.csv,27796,0
\\?\C:\Users\mgiri\OneDrive\Desktop\Hemanth's academic Stuff\College\Amrita\Machine learnign(ML)\datasets\datasets\All the datasets\20200605_UOWM_IEC104_Dataset_c_rd_na_1_DoS\20200605_UOWM_IEC104_Dataset_c_rd_na_1_DoS_attacker3\20200605_UOWM_IEC104_Dataset_c_rd_na_1_DoS_attacker3_iec104_only.pcap_Flow.csv,1056,0
\\?\C:\Users\mgiri\OneDrive\Desktop\Hemanth's academic Stuff\College\Amrita\Machine learnign(ML)\datasets\datasets\All the datasets\20200605_UOWM_IEC104_Dataset_c_rd_na_1_DoS\20200605_UOWM_IEC104_Dataset_c_rd_na_1_DoS_iecserver1\20200605_UOWM_IEC104_Dataset_c_rd_na_1_DoS_iecserver1.pcap_Flow.csv,35513,0
\\?\C:\Users\mgiri\OneDrive\Desktop\Hemanth's academic Stuff\College\Amrita\Machine learnign(ML)\datasets\datasets\All the datasets\20200605_UOWM_IEC104_Dataset_c_rd_na_1_DoS\20200605_UOWM_IEC104_Dataset_c_rd_na_1_DoS_iecserver1\20200605_UOWM_IEC104_Dataset_c_rd_na_1_DoS_iecserver1_iec104_only.pcap_Flow.csv,499,0
\\?\C:\Users\mgiri\OneDrive\Desktop\Hemanth's academic Stuff\College\Amrita\Machine learnign(ML)\datasets\datasets\All the datasets\20200605_UOWM_IEC104_Dataset_c_rd_na_1_DoS\20200605_UOWM_IEC104_Dataset_c_rd_na_1_DoS_iecserver2\20200605_UOWM_IEC104_Dataset_c_rd_na_1_DoS_iecserver2.pcap_Flow.csv,35499,0
\\?\C:\Users\mgiri\OneDrive\Desktop\Hemanth's academic Stuff\College\Amrita\Machine learnign(ML)\datasets\datasets\All the datasets\20200605_UOWM_IEC104_Dataset_c_rd_na_1_DoS\20200605_UOWM_IEC104_Dataset_c_rd_na_1_DoS_iecserver2\20200605_UOWM_IEC104_Dataset_c_rd_na_1_DoS_iecserver2_iec104_only.pcap_Flow.csv,347,0
\\?\C:\Users\mgiri\OneDrive\Desktop\Hemanth's academic Stuff\College\Amrita\Machine learnign(ML)\datasets\datasets\All the datasets\20200605_UOWM_IEC104_Dataset_c_rd_na_1_DoS\20200605_UOWM_IEC104_Dataset_c_rd_na_1_DoS_iecserver3\20200605_UOWM_IEC104_Dataset_c_rd_na_1_DoS_iecserver3.pcap_Flow.csv,36127,0
\\?\C:\Users\mgiri\OneDrive\Desktop\Hemanth's academic Stuff\College\Amrita\Machine learnign(ML)\datasets\datasets\All the datasets\20200605_UOWM_IEC104_Dataset_c_rd_na_1_DoS\20200605_UOWM_IEC104_Dataset_c_rd_na_1_DoS_iecserver3\20200605_UOWM_IEC104_Dataset_c_rd_na_1_DoS_iecserver3_iec104_only.pcap_Flow.csv,462,0
\\?\C:\Users\mgiri\OneDrive\Desktop\Hemanth's academic Stuff\College\Amrita\Machine learnign(ML)\datasets\datasets\All the datasets\20200605_UOWM_IEC104_Dataset_c_rd_na_1_DoS\20200605_UOWM_IEC104_Dataset_c_rd_na_1_DoS_iecserver4\20200605_UOWM_IEC104_Dataset_c_rd_na_1_DoS_iecserver4.pcap_Flow.csv,35825,0
\\?\C:\Users\mgiri\OneDrive\Desktop\Hemanth's academic Stuff\College\Amrita\Machine learnign(ML)\datasets\datasets\All the datasets\20200605_UOWM_IEC104_Dataset_c_rd_na_1_DoS\20200605_UOWM_IEC104_Dataset_c_rd_na_1_DoS_iecserver4\20200605_UOWM_IEC104_Dataset_c_rd_na_1_DoS_iecserver4_iec104_only.pcap_Flow.csv,430,0
\\?\C:\Users\mgiri\OneDrive\Desktop\Hemanth's academic Stuff\College\Amrita\Machine learnign(ML)\datasets\datasets\All the datasets\20200605_UOWM_IEC104_Dataset_c_rd_na_1_DoS\20200605_UOWM_IEC104_Dataset_c_rd_na_1_DoS_iecserver5\20200605_UOWM_IEC104_Dataset_c_rd_na_1_DoS_iecserver5.pcap_Flow.csv,35370,0
\\?\C:\Users\mgiri\OneDrive\Desktop\Hemanth's academic Stuff\College\Amrita\Machine learnign(ML)\datasets\datasets\All the datasets\20200605_UOWM_IEC104_Dataset_c_rd_na_1_DoS\20200605_UOWM_IEC104_Dataset_c_rd_na_1_DoS_iecserver5\20200605_UOWM_IEC104_Dataset_c_rd_na_1_DoS_iecserver5_iec104_only.pcap_Flow.csv,346,0
\\?\C:\Users\mgiri\OneDrive\Desktop\Hemanth's academic Stuff\College\Amrita\Machine learnign(ML)\datasets\datasets\All the datasets\20200605_UOWM_IEC104_Dataset_c_rd_na_1_DoS\20200605_UOWM_IEC104_Dataset_c_rd_na_1_DoS_iecserver6\20200605_UOWM_IEC104_Dataset_c_rd_na_1_DoS_iecserver6.pcap_Flow.csv,35434,0
\\?\C:\Users\mgiri\OneDrive\Desktop\Hemanth's academic Stuff\College\Amrita\Machine learnign(ML)\datasets\datasets\All the datasets\20200605_UOWM_IEC104_Dataset_c_rd_na_1_DoS\20200605_UOWM_IEC104_Dataset_c_rd_na_1_DoS_iecserver6\20200605_UOWM_IEC104_Dataset_c_rd_na_1_DoS_iecserver6_iec104_only.pcap_Flow.csv,499,0
\\?\C:\Users\mgiri\OneDrive\Desktop\Hemanth's academic Stuff\College\Amrita\Machine learnign(ML)\datasets\datasets\All the datasets\20200605_UOWM_IEC104_Dataset_c_rd_na_1_DoS\20200605_UOWM_IEC104_Dataset_c_rd_na_1_DoS_iecserver7\20200605_UOWM_IEC104_Dataset_c_rd_na_1_DoS_iecserver7.pcap_Flow.csv,35674,0
\\?\C:\Users\mgiri\OneDrive\Desktop\Hemanth's academic Stuff\College\Amrita\Machine learnign(ML)\datasets\datasets\All the datasets\20200605_UOWM_IEC104_Dataset_c_rd_na_1_DoS\20200605_UOWM_IEC104_Dataset_c_rd_na_1_DoS_iecserver7\20200605_UOWM_IEC104_Dataset_c_rd_na_1_DoS_iecserver7_iec104_only.pcap_Flow.csv,425,0
\\?\C:\Users\mgiri\OneDrive\Desktop\Hemanth's academic Stuff\College\Amrita\Machine learnign(ML)\datasets\datasets\All the datasets\20200605_UOWM_IEC104_Dataset_c_rd_na_1_DoS\20200605_UOWM_IEC104_Dataset_c_rd_na_1_DoS_qtester\20200605_UOWM_IEC104_Dataset_c_rd_na_1_DoS_qtester.pcap_Flow.csv,35234,0
\\?\C:\Users\mgiri\OneDrive\Desktop\Hemanth's academic Stuff\College\Amrita\Machine learnign(ML)\datasets\datasets\All the datasets\20200605_UOWM_IEC104_Dataset_c_rd_na_1_DoS\20200605_UOWM_IEC104_Dataset_c_rd_na_1_DoS_qtester\20200605_UOWM_IEC104_Dataset_c_rd_na_1_DoS_qtester_iec104_only.pcap_Flow.csv,1023,0
\\?\C:\Users\mgiri\OneDrive\Desktop\Hemanth's academic Stuff\College\Amrita\Machine learnign(ML)\datasets\datasets\All the datasets\20200606_UOWM_IEC104_Dataset_c_rp_na_1\20200606_UOWM_IEC104_Dataset_c_rp_na_1_attacker1\20200606_UOWM_IEC104_Dataset_c_rp_na_1_attacker1.pcap_Flow.csv,25122,0
\\?\C:\Users\mgiri\OneDrive\Desktop\Hemanth's academic Stuff\College\Amrita\Machine learnign(ML)\datasets\datasets\All the datasets\20200606_UOWM_IEC104_Dataset_c_rp_na_1\20200606_UOWM_IEC104_Dataset_c_rp_na_1_attacker1\20200606_UOWM_IEC104_Dataset_c_rp_na_1_attacker1_iec104_only.pcap_Flow.csv,414,0
\\?\C:\Users\mgiri\OneDrive\Desktop\Hemanth's academic Stuff\College\Amrita\Machine learnign(ML)\datasets\datasets\All the datasets\20200606_UOWM_IEC104_Dataset_c_rp_na_1\20200606_UOWM_IEC104_Dataset_c_rp_na_1_attacker2\20200606_UOWM_IEC104_Dataset_c_rp_na_1_attacker2.pcap_Flow.csv,25148,0
\\?\C:\Users\mgiri\OneDrive\Desktop\Hemanth's academic Stuff\College\Amrita\Machine learnign(ML)\datasets\datasets\All the datasets\20200606_UOWM_IEC104_Dataset_c_rp_na_1\20200606_UOWM_IEC104_Dataset_c_rp_na_1_attacker2\20200606_UOWM_IEC104_Dataset_c_rp_na_1_attacker2_iec104_only.pcap_Flow.csv,423,0
\\?\C:\Users\mgiri\OneDrive\Desktop\Hemanth's academic Stuff\College\Amrita\Machine learnign(ML)\datasets\datasets\All the datasets\20200606_UOWM_IEC104_Dataset_c_rp_na_1\20200606_UOWM_IEC104_Dataset_c_rp_na_1_attacker3\20200606_UOWM_IEC104_Dataset_c_rp_na_1_attacker3.pcap_Flow.csv,25540,0
\\?\C:\Users\mgiri\OneDrive\Desktop\Hemanth's academic Stuff\College\Amrita\Machine learnign(ML)\datasets\datasets\All the datasets\20200606_UOWM_IEC104_Dataset_c_rp_na_1\20200606_UOWM_IEC104_Dataset_c_rp_na_1_attacker3\20200606_UOWM_IEC104_Dataset_c_rp_na_1_attacker3_iec104_only.pcap_Flow.csv,593,0
\\?\C:\Users\mgiri\OneDrive\Desktop\Hemanth's academic Stuff\College\Amrita\Machine learnign(ML)\datasets\datasets\All the datasets\20200606_UOWM_IEC104_Dataset_c_rp_na_1\20200606_UOWM_IEC104_Dataset_c_rp_na_1_iecserver1\20200606_UOWM_IEC104_Dataset_c_rp_na_1_iecserver1.pcap_Flow.csv,33496,0
\\?\C:\Users\mgiri\OneDrive\Desktop\Hemanth's academic Stuff\College\Amrita\Machine learnign(ML)\datasets\datasets\All the datasets\20200606_UOWM_IEC104_Dataset_c_rp_na_1\20200606_UOWM_IEC104_Dataset_c_rp_na_1_iecserver1\20200606_UOWM_IEC104_Dataset_c_rp_na_1_iecserver1_iec104_only.pcap_Flow.csv,360,0
\\?\C:\Users\mgiri\OneDrive\Desktop\Hemanth's academic Stuff\College\Amrita\Machine learnign(ML)\datasets\datasets\All the datasets\20200606_UOWM_IEC104_Dataset_c_rp_na_1\20200606_UOWM_IEC104_Dataset_c_rp_na_1_iecserver2\20200606_UOWM_IEC104_Dataset_c_rp_na_1_iecserver2.pcap_Flow.csv,33534,0
\\?\C:\Users\mgiri\OneDrive\Desktop\Hemanth's academic Stuff\College\Amrita\Machine learnign(ML)\datasets\datasets\All the datasets\20200606_UOWM_IEC104_Dataset_c_rp_na_1\20200606_UOWM_IEC104_Dataset_c_rp_na_1_iecserver2\20200606_UOWM_IEC104_Dataset_c_rp_na_1_iecserver2_iec104_only.pcap_Flow.csv,360,0
\\?\C:\Users\mgiri\OneDrive\Desktop\Hemanth's academic Stuff\College\Amrita\Machine learnign(ML)\datasets\datasets\All the datasets\20200606_UOWM_IEC104_Dataset_c_rp_na_1\20200606_UOWM_IEC104_Dataset_c_rp_na_1_iecserver3\20200606_UOWM_IEC104_Dataset_c_rp_na_1_iecserver3.pcap_Flow.csv,33072,0
\\?\C:\Users\mgiri\OneDrive\Desktop\Hemanth's academic Stuff\College\Amrita\Machine learnign(ML)\datasets\datasets\All the datasets\20200606_UOWM_IEC104_Dataset_c_rp_na_1\20200606_UOWM_IEC104_Dataset_c_rp_na_1_iecserver3\20200606_UOWM_IEC104_Dataset_c_rp_na_1_iecserver3_iec104_only.pcap_Flow.csv,363,0
\\?\C:\Users\mgiri\OneDrive\Desktop\Hemanth's academic Stuff\College\Amrita\Machine learnign(ML)\datasets\datasets\All the datasets\20200606_UOWM_IEC104_Dataset_c_rp_na_1\20200606_UOWM_IEC104_Dataset_c_rp_na_1_iecserver4\20200606_UOWM_IEC104_Dataset_c_rp_na_1_iecserver4.pcap_Flow.csv,33216,0
\\?\C:\Users\mgiri\OneDrive\Desktop\Hemanth's academic Stuff\College\Amrita\Machine learnign(ML)\datasets\datasets\All the datasets\20200606_UOWM_IEC104_Dataset_c_rp_na_1\20200606_UOWM_IEC104_Dataset_c_rp_na_1_iecserver4\20200606_UOWM_IEC104_Dataset_c_rp_na_1_iecserver4_iec104_only.pcap_Flow.csv,363,0
\\?\C:\Users\mgiri\OneDrive\Desktop\Hemanth's academic Stuff\College\Amrita\Machine learnign(ML)\datasets\datasets\All the datasets\20200606_UOWM_IEC104_Dataset_c_rp_na_1\20200606_UOWM_IEC104_Dataset_c_rp_na_1_iecserver5\20200606_UOWM_IEC104_Dataset_c_rp_na_1_iecserver5.pcap_Flow.csv,33937,0
\\?\C:\Users\mgiri\OneDrive\Desktop\Hemanth's academic Stuff\College\Amrita\Machine learnign(ML)\datasets\datasets\All the datasets\20200606_UOWM_IEC104_Dataset_c_rp_na_1\20200606_UOWM_IEC104_Dataset_c_rp_na_1_iecserver5\20200606_UOWM_IEC104_Dataset_c_rp_na_1_iecserver5_iec104_only.pcap_Flow.csv,348,0
\\?\C:\Users\mgiri\OneDrive\Desktop\Hemanth's academic Stuff\College\Amrita\Machine learnign(ML)\datasets\datasets\All the datasets\20200606_UOWM_IEC104_Dataset_c_rp_na_1\20200606_UOWM_IEC104_Dataset_c_rp_na_1_iecserver6\20200606_UOWM_IEC104_Dataset_c_rp_na_1_iecserver6.pcap_Flow.csv,33804,0
\\?\C:\Users\mgiri\OneDrive\Desktop\Hemanth's academic Stuff\College\Amrita\Machine learnign(ML)\datasets\datasets\All the datasets\20200606_UOWM_IEC104_Dataset_c_rp_na_1\20200606_UOWM_IEC104_Dataset_c_rp_na_1_iecserver6\20200606_UOWM_IEC104_Dataset_c_rp_na_1_iecserver6_iec104_only.pcap_Flow.csv,348,0
\\?\C:\Users\mgiri\OneDrive\Desktop\Hemanth's academic Stuff\College\Amrita\Machine learnign(ML)\datasets\datasets\All the datasets\20200606_UOWM_IEC104_Dataset_c_rp_na_1\20200606_UOWM_IEC104_Dataset_c_rp_na_1_iecserver7\20200606_UOWM_IEC104_Dataset_c_rp_na_1_iecserver7.pcap_Flow.csv,33710,0
\\?\C:\Users\mgiri\OneDrive\Desktop\Hemanth's academic Stuff\College\Amrita\Machine learnign(ML)\datasets\datasets\All the datasets\20200606_UOWM_IEC104_Dataset_c_rp_na_1\20200606_UOWM_IEC104_Dataset_c_rp_na_1_iecserver7\20200606_UOWM_IEC104_Dataset_c_rp_na_1_iecserver7_iec104_only.pcap_Flow.csv,348,0
\\?\C:\Users\mgiri\OneDrive\Desktop\Hemanth's academic Stuff\College\Amrita\Machine learnign(ML)\datasets\datasets\All the datasets\20200606_UOWM_IEC104_Dataset_c_rp_na_1\20200606_UOWM_IEC104_Dataset_c_rp_na_1_qtester\20200606_UOWM_IEC104_Dataset_c_rp_na_1_qtester.pcap_Flow.csv,34033,0
\\?\C:\Users\mgiri\OneDrive\Desktop\Hemanth's academic Stuff\College\Amrita\Machine learnign(ML)\datasets\datasets\All the datasets\20200606_UOWM_IEC104_Dataset_c_rp_na_1\20200606_UOWM_IEC104_Dataset_c_rp_na_1_qtester\20200606_UOWM_IEC104_Dataset_c_rp_na_1_qtester_iec104_only.pcap_Flow.csv,1040,0
\\?\C:\Users\mgiri\OneDrive\Desktop\Hemanth's academic Stuff\College\Amrita\Machine learnign(ML)\datasets\datasets\All the datasets\20200606_UOWM_IEC104_Dataset_c_rp_na_1_DoS\20200606_UOWM_IEC104_Dataset_c_rp_na_1_DoS_attacker1\20200606_UOWM_IEC104_Dataset_c_rp_na_1_DoS_attacker1.pcap_Flow.csv,25799,0
\\?\C:\Users\mgiri\OneDrive\Desktop\Hemanth's academic Stuff\College\Amrita\Machine learnign(ML)\datasets\datasets\All the datasets\20200606_UOWM_IEC104_Dataset_c_rp_na_1_DoS\20200606_UOWM_IEC104_Dataset_c_rp_na_1_DoS_attacker1\20200606_UOWM_IEC104_Dataset_c_rp_na_1_DoS_attacker1_iec104_only.pcap_Flow.csv,688,0
\\?\C:\Users\mgiri\OneDrive\Desktop\Hemanth's academic Stuff\College\Amrita\Machine learnign(ML)\datasets\datasets\All the datasets\20200606_UOWM_IEC104_Dataset_c_rp_na_1_DoS\20200606_UOWM_IEC104_Dataset_c_rp_na_1_DoS_attacker2\20200606_UOWM_IEC104_Dataset_c_rp_na_1_DoS_attacker2.pcap_Flow.csv,25786,0
\\?\C:\Users\mgiri\OneDrive\Desktop\Hemanth's academic Stuff\College\Amrita\Machine learnign(ML)\datasets\datasets\All the datasets\20200606_UOWM_IEC104_Dataset_c_rp_na_1_DoS\20200606_UOWM_IEC104_Dataset_c_rp_na_1_DoS_attacker2\20200606_UOWM_IEC104_Dataset_c_rp_na_1_DoS_attacker2_iec104_only.pcap_Flow.csv,708,0
\\?\C:\Users\mgiri\OneDrive\Desktop\Hemanth's academic Stuff\College\Amrita\Machine learnign(ML)\datasets\datasets\All the datasets\20200606_UOWM_IEC104_Dataset_c_rp_na_1_DoS\20200606_UOWM_IEC104_Dataset_c_rp_na_1_DoS_attacker3\20200606_UOWM_IEC104_Dataset_c_rp_na_1_DoS_attacker3.pcap_Flow.csv,26398,0
\\?\C:\Users\mgiri\OneDrive\Desktop\Hemanth's academic Stuff\College\Amrita\Machine learnign(ML)\datasets\datasets\All the datasets\20200606_UOWM_IEC104_Dataset_c_rp_na_1_DoS\20200606_UOWM_IEC104_Dataset_c_rp_na_1_DoS_attacker3\20200606_UOWM_IEC104_Dataset_c_rp_na_1_DoS_attacker3_iec104_only.pcap_Flow.csv,1065,0
\\?\C:\Users\mgiri\OneDrive\Desktop\Hemanth's academic Stuff\College\Amrita\Machine learnign(ML)\datasets\datasets\All the datasets\20200606_UOWM_IEC104_Dataset_c_rp_na_1_DoS\20200606_UOWM_IEC104_Dataset_c_rp_na_1_DoS_iecserver1\20200606_UOWM_IEC104_Dataset_c_rp_na_1_DoS_iecserver1.pcap_Flow.csv,33720,0
\\?\C:\Users\mgiri\OneDrive\Desktop\Hemanth's academic Stuff\College\Amrita\Machine learnign(ML)\datasets\datasets\All the datasets\20200606_UOWM_IEC104_Dataset_c_rp_na_1_DoS\20200606_UOWM_IEC104_Dataset_c_rp_na_1_DoS_iecserver1\20200606_UOWM_IEC104_Dataset_c_rp_na_1_DoS_iecserver1_iec104_only.pcap_Flow.csv,501,0
\\?\C:\Users\mgiri\OneDrive\Desktop\Hemanth's academic Stuff\College\Amrita\Machine learnign(ML)\datasets\datasets\All the datasets\20200606_UOWM_IEC104_Dataset_c_rp_na_1_DoS\20200606_UOWM_IEC104_Dataset_c_rp_na_1_DoS_iecserver2\20200606_UOWM_IEC104_Dataset_c_rp_na_1_DoS_iecserver2.pcap_Flow.csv,33940,0
\\?\C:\Users\mgiri\OneDrive\Desktop\Hemanth's academic Stuff\College\Amrita\Machine learnign(ML)\datasets\datasets\All the datasets\20200606_UOWM_IEC104_Dataset_c_rp_na_1_DoS\20200606_UOWM_IEC104_Dataset_c_rp_na_1_DoS_iecserver2\20200606_UOWM_IEC104_Dataset_c_rp_na_1_DoS_iecserver2_iec104_only.pcap_Flow.csv,501,0
\\?\C:\Users\mgiri\OneDrive\Desktop\Hemanth's academic Stuff\College\Amrita\Machine learnign(ML)\datasets\datasets\All the datasets\20200606_UOWM_IEC104_Dataset_c_rp_na_1_DoS\20200606_UOWM_IEC104_Dataset_c_rp_na_1_DoS_iecserver3\20200606_UOWM_IEC104_Dataset_c_rp_na_1_DoS_iecserver3.pcap_Flow.csv,33327,0
\\?\C:\Users\mgiri\OneDrive\Desktop\Hemanth's academic Stuff\College\Amrita\Machine learnign(ML)\datasets\datasets\All the datasets\20200606_UOWM_IEC104_Dataset_c_rp_na_1_DoS\20200606_UOWM_IEC104_Dataset_c_rp_na_1_DoS_iecserver3\20200606_UOWM_IEC104_Dataset_c_rp_na_1_DoS_iecserver3_iec104_only.pcap_Flow.csv,500,0
\\?\C:\Users\mgiri\OneDrive\Desktop\Hemanth's academic Stuff\College\Amrita\Machine learnign(ML)\datasets\datasets\All the datasets\20200606_UOWM_IEC104_Dataset_c_rp_na_1_DoS\20200606_UOWM_IEC104_Dataset_c_rp_na_1_DoS_iecserver4\20200606_UOWM_IEC104_Dataset_c_rp_na_1_DoS_iecserver4.pcap_Flow.csv,33849,0
\\?\C:\Users\mgiri\OneDrive\Desktop\Hemanth's academic Stuff\College\Amrita\Machine learnign(ML)\datasets\datasets\All the datasets\20200606_UOWM_IEC104_Dataset_c_rp_na_1_DoS\20200606_UOWM_IEC104_Dataset_c_rp_na_1_DoS_iecserver4\20200606_UOWM_IEC104_Dataset_c_rp_na_1_DoS_iecserver4_iec104_only.pcap_Flow.csv,399,0
\\?\C:\Users\mgiri\OneDrive\Desktop\Hemanth's academic Stuff\College\Amrita\Machine learnign(ML)\datasets\datasets\All the datasets\20200606_UOWM_IEC104_Dataset_c_rp_na_1_DoS\20200606_UOWM_IEC104_Dataset_c_rp_na_1_DoS_iecserver5\20200606_UOWM_IEC104_Dataset_c_rp_na_1_DoS_iecserver5.pcap_Flow.csv,34206,0
\\?\C:\Users\mgiri\OneDrive\Desktop\Hemanth's academic Stuff\College\Amrita\Machine learnign(ML)\datasets\datasets\All the datasets\20200606_UOWM_IEC104_Dataset_c_rp_na_1_DoS\20200606_UOWM_IEC104_Dataset_c_rp_na_1_DoS_iecserver5\20200606_UOWM_IEC104_Dataset_c_rp_na_1_DoS_iecserver5_iec104_only.pcap_Flow.csv,501,0
\\?\C:\Users\mgiri\OneDrive\Desktop\Hemanth's academic Stuff\College\Amrita\Machine learnign(ML)\datasets\datasets\All the datasets\20200606_UOWM_IEC104_Dataset_c_rp_na_1_DoS\20200606_UOWM_IEC104_Dataset_c_rp_na_1_DoS_iecserver6\20200606_UOWM_IEC104_Dataset_c_rp_na_1_DoS_iecserver6.pcap_Flow.csv,34035,0
\\?\C:\Users\mgiri\OneDrive\Desktop\Hemanth's academic Stuff\College\Amrita\Machine learnign(ML)\datasets\datasets\All the datasets\20200606_UOWM_IEC104_Dataset_c_rp_na_1_DoS\20200606_UOWM_IEC104_Dataset_c_rp_na_1_DoS_iecserver6\20200606_UOWM_IEC104_Dataset_c_rp_na_1_DoS_iecserver6_iec104_only.pcap_Flow.csv,465,0
\\?\C:\Users\mgiri\OneDrive\Desktop\Hemanth's academic Stuff\College\Amrita\Machine learnign(ML)\datasets\datasets\All the datasets\20200606_UOWM_IEC104_Dataset_c_rp_na_1_DoS\20200606_UOWM_IEC104_Dataset_c_rp_na_1_DoS_iecserver7\20200606_UOWM_IEC104_Dataset_c_rp_na_1_DoS_iecserver7.pcap_Flow.csv,34425,0
\\?\C:\Users\mgiri\OneDrive\Desktop\Hemanth's academic Stuff\College\Amrita\Machine learnign(ML)\datasets\datasets\All the datasets\20200606_UOWM_IEC104_Dataset_c_rp_na_1_DoS\20200606_UOWM_IEC104_Dataset_c_rp_na_1_DoS_iecserver7\20200606_UOWM_IEC104_Dataset_c_rp_na_1_DoS_iecserver7_iec104_only.pcap_Flow.csv,424,0
\\?\C:\Users\mgiri\OneDrive\Desktop\Hemanth's academic Stuff\College\Amrita\Machine learnign(ML)\datasets\datasets\All the datasets\20200606_UOWM_IEC104_Dataset_c_rp_na_1_DoS\20200606_UOWM_IEC104_Dataset_c_rp_na_1_DoS_qtester\20200606_UOWM_IEC104_Dataset_c_rp_na_1_DoS_qtester.pcap_Flow.csv,34014,0
\\?\C:\Users\mgiri\OneDrive\Desktop\Hemanth's academic Stuff\College\Amrita\Machine learnign(ML)\datasets\datasets\All the datasets\20200606_UOWM_IEC104_Dataset_c_rp_na_1_DoS\20200606_UOWM_IEC104_Dataset_c_rp_na_1_DoS_qtester\20200606_UOWM_IEC104_Dataset_c_rp_na_1_DoS_qtester_iec104_only.pcap_Flow.csv,1017,0
